,Model,Top-1 Accuracy,Top-3 Accuracy,Validation Loss,F1 Score,Precision,Recall
0,model_batcha_10,0.950682056663169,0.9840270490847616,0.17568643804103243,0.9505796760561789,0.951272308817557,0.950682056663169
1,model_batchb_10,0.9344960724271069,0.9816269471441885,0.21636210484380655,0.9344817432586797,0.9348899223955375,0.9344960724271069
2,model_batchc_10,0.9612650515015233,0.9856376033657334,0.1404420966761586,0.9614561523829934,0.9621589096515625,0.9612650515015233
3,model_batcha_50,0.8821271416534032,0.951502668289486,0.4448087890479089,0.8826222454359193,0.8859425662466484,0.8821271416534032
4,model_batchb_50,0.8547315496498473,0.9379601364697432,0.5528237594737855,0.8567416293690222,0.8627648506848671,0.8547315496498473
5,model_batchc_50,0.8650380828534274,0.9430614898755341,0.5190763963420321,0.8650893629525902,0.8692442808821891,0.8650380828534274
6,model,0.687448,0.851096,1.2810807410009186,0.6850685454123818,0.6979800327533352,0.687448
7,Average_10,0.9488143935305997,0.9837638665315612,0.17749687985366588,0.9488391905659507,0.9494403802882191,0.9488143935305997
8,Average_50,0.8672989247188926,0.9441747648782544,0.5055696482879087,0.8681510792525104,0.8726505659379016,0.8672989247188926
